Planet 4546B Postcard,Subnautica,"Starting at:
$0.28 USD
$0.27 USD"
Prisma 2 Case,Counter-Strike: Global Offensive,"Starting at:
$0.53 USD
$0.51 USD"
Shattered Web Case,Counter-Strike: Global Offensive,"Starting at:
$1.66 USD
$1.59 USD"
Operation Breakout Weapon Case,Counter-Strike: Global Offensive,"Starting at:
$0.71 USD
$0.68 USD"
Glove Case,Counter-Strike: Global Offensive,"Starting at:
$0.21 USD
$0.20 USD"
Mann Co. Supply Crate Key,Team Fortress 2,"Starting at:
$2.43 USD
$2.33 USD"
Spectrum Case,Counter-Strike: Global Offensive,"Starting at:
$0.17 USD
$0.16 USD"
AK-47 | Redline (Field-Tested),Counter-Strike: Global Offensive,"Starting at:
$14.96 USD
$14.31 USD"
Clutch Case,Counter-Strike: Global Offensive,"Starting at:
$0.06 USD
$0.05 USD"
Danger Zone Case,Counter-Strike: Global Offensive,"Starting at:
$0.08 USD
$0.07 USD"
Planet 4546B Postcard,Subnautica,"Starting at:
$0.28 USD
$0.27 USD"
Prisma 2 Case,Counter-Strike: Global Offensive,"Starting at:
$0.53 USD
$0.51 USD"
Shattered Web Case,Counter-Strike: Global Offensive,"Starting at:
$1.66 USD
$1.59 USD"
Operation Breakout Weapon Case,Counter-Strike: Global Offensive,"Starting at:
$0.71 USD
$0.68 USD"
Glove Case,Counter-Strike: Global Offensive,"Starting at:
$0.21 USD
$0.20 USD"
Mann Co. Supply Crate Key,Team Fortress 2,"Starting at:
$2.43 USD
$2.33 USD"
Spectrum Case,Counter-Strike: Global Offensive,"Starting at:
$0.17 USD
$0.16 USD"
AK-47 | Redline (Field-Tested),Counter-Strike: Global Offensive,"Starting at:
$14.96 USD
$14.31 USD"
Clutch Case,Counter-Strike: Global Offensive,"Starting at:
$0.06 USD
$0.05 USD"
Danger Zone Case,Counter-Strike: Global Offensive,"Starting at:
$0.08 USD
$0.07 USD"
Planet 4546B Postcard,Subnautica,"Starting at:
$0.28 USD
$0.27 USD"
Prisma 2 Case,Counter-Strike: Global Offensive,"Starting at:
$0.53 USD
$0.51 USD"
Shattered Web Case,Counter-Strike: Global Offensive,"Starting at:
$1.66 USD
$1.59 USD"
Operation Breakout Weapon Case,Counter-Strike: Global Offensive,"Starting at:
$0.71 USD
$0.68 USD"
Glove Case,Counter-Strike: Global Offensive,"Starting at:
$0.21 USD
$0.20 USD"
Mann Co. Supply Crate Key,Team Fortress 2,"Starting at:
$2.43 USD
$2.33 USD"
Spectrum Case,Counter-Strike: Global Offensive,"Starting at:
$0.17 USD
$0.16 USD"
AK-47 | Redline (Field-Tested),Counter-Strike: Global Offensive,"Starting at:
$14.96 USD
$14.31 USD"
Clutch Case,Counter-Strike: Global Offensive,"Starting at:
$0.06 USD
$0.05 USD"
Danger Zone Case,Counter-Strike: Global Offensive,"Starting at:
$0.08 USD
$0.07 USD"
Planet 4546B Postcard,Subnautica,"Starting at:
$0.28 USD
$0.27 USD"
Prisma 2 Case,Counter-Strike: Global Offensive,"Starting at:
$0.53 USD
$0.51 USD"
Shattered Web Case,Counter-Strike: Global Offensive,"Starting at:
$1.66 USD
$1.59 USD"
Operation Breakout Weapon Case,Counter-Strike: Global Offensive,"Starting at:
$0.71 USD
$0.68 USD"
Glove Case,Counter-Strike: Global Offensive,"Starting at:
$0.21 USD
$0.20 USD"
Mann Co. Supply Crate Key,Team Fortress 2,"Starting at:
$2.43 USD
$2.33 USD"
Spectrum Case,Counter-Strike: Global Offensive,"Starting at:
$0.17 USD
$0.16 USD"
AK-47 | Redline (Field-Tested),Counter-Strike: Global Offensive,"Starting at:
$14.96 USD
$14.31 USD"
Clutch Case,Counter-Strike: Global Offensive,"Starting at:
$0.06 USD
$0.05 USD"
Danger Zone Case,Counter-Strike: Global Offensive,"Starting at:
$0.08 USD
$0.07 USD"
Prisma 2 Case,Counter-Strike: Global Offensive,"Starting at:
$0.52 USD
$0.50 USD"
Shattered Web Case,Counter-Strike: Global Offensive,"Starting at:
$1.75 USD
$1.68 USD"
Planet 4546B Postcard,Subnautica,"Starting at:
$0.28 USD
$0.27 USD"
Operation Breakout Weapon Case,Counter-Strike: Global Offensive,"Starting at:
$0.71 USD
$0.68 USD"
Glove Case,Counter-Strike: Global Offensive,"Starting at:
$0.24 USD
$0.23 USD"
Mann Co. Supply Crate Key,Team Fortress 2,"Starting at:
$2.41 USD
$2.31 USD"
Fractal Horns of Inner Abysm,Dota 2,"Starting at:
$26.13 USD
$25.00 USD"
Spectrum Case,Counter-Strike: Global Offensive,"Starting at:
$0.17 USD
$0.16 USD"
Danger Zone Case,Counter-Strike: Global Offensive,"Starting at:
$0.08 USD
$0.07 USD"
Sticker Capsule 2,Counter-Strike: Global Offensive,"Starting at:
$9.44 USD
$9.03 USD"
Prisma 2 Case,Counter-Strike: Global Offensive,"Starting at:
$0.52 USD
$0.50 USD"
Shattered Web Case,Counter-Strike: Global Offensive,"Starting at:
$1.75 USD
$1.68 USD"
Planet 4546B Postcard,Subnautica,"Starting at:
$0.28 USD
$0.27 USD"
Operation Breakout Weapon Case,Counter-Strike: Global Offensive,"Starting at:
$0.71 USD
$0.68 USD"
Glove Case,Counter-Strike: Global Offensive,"Starting at:
$0.24 USD
$0.23 USD"
Mann Co. Supply Crate Key,Team Fortress 2,"Starting at:
$2.41 USD
$2.31 USD"
Fractal Horns of Inner Abysm,Dota 2,"Starting at:
$26.13 USD
$25.00 USD"
Spectrum Case,Counter-Strike: Global Offensive,"Starting at:
$0.17 USD
$0.16 USD"
Danger Zone Case,Counter-Strike: Global Offensive,"Starting at:
$0.08 USD
$0.07 USD"
Sticker Capsule 2,Counter-Strike: Global Offensive,"Starting at:
$9.44 USD
$9.03 USD"
Prisma 2 Case,Counter-Strike: Global Offensive,"Starting at:
$0.52 USD
$0.50 USD"
Shattered Web Case,Counter-Strike: Global Offensive,"Starting at:
$1.75 USD
$1.68 USD"
Planet 4546B Postcard,Subnautica,"Starting at:
$0.28 USD
$0.27 USD"
Operation Breakout Weapon Case,Counter-Strike: Global Offensive,"Starting at:
$0.71 USD
$0.68 USD"
Glove Case,Counter-Strike: Global Offensive,"Starting at:
$0.24 USD
$0.23 USD"
Mann Co. Supply Crate Key,Team Fortress 2,"Starting at:
$2.41 USD
$2.31 USD"
Fractal Horns of Inner Abysm,Dota 2,"Starting at:
$26.13 USD
$25.00 USD"
Spectrum Case,Counter-Strike: Global Offensive,"Starting at:
$0.17 USD
$0.16 USD"
Danger Zone Case,Counter-Strike: Global Offensive,"Starting at:
$0.08 USD
$0.07 USD"
Sticker Capsule 2,Counter-Strike: Global Offensive,"Starting at:
$9.44 USD
$9.03 USD"
